'regency golf hotel urbano', 'regency rambla design apart hotel', 'regency rambla design apart hotel', 'regency way', 'regency way montevideo hotel', 'regency zonamerica'
"abc service", "abcservice", 'abc air quality'
"abitab", "abitab central s.a" , "abitab central sa", 'local céntrico abitab', 'local céntrico de abitab'
'academia de choferes "alvaro', 'academiadechoferes"alvaro'
'acamar sa', 'acamars.a.'
'acce sa', 'accesa sa'
'achar ceramicas', acherceramicas'
'acomana sa', 'acompaña'
'adt', 'adt security services', 'adt security services....'
'aee ltda. asesoria economica empresarial', 'aee ltda. asesoria economica empresarial.'
'ag', 'ag equipamientos'
'aglh', 'aglh consultores'
'alcance', 'alcance servicio de compañia'
'aliados', 'aliados bienes inmobiliarios / administracion edificios / servicio integral de limpieza'
'amv store', 'amvstore'
'apunto aeropuerto', 'apunto aeropuerto (zona aeropuerto)'
'arnaldo c. castro', 'arnaldo c.castro sa'
'arocena srl', 'arocena-arocena'
'asem', 'asem servicio de acompañantes'
'asesoresde reclutamiento uruguay', 'asesoresdereclutamiento'
'asociación española', 'asociación española 1era de socorros mutuos'
'assist', 'assist ltda'
'avanza externalizaciónde servicios uruguay s.a.', 'avanza externalizaciónde servicios uruguay sa'
'bella flor productos de limpieza', 'bella flor soluciones integrales'
'biriden | instrumental científico', 'biriden|instrumental científico'
'bienestar', 'bienestar laboraly cultura', 'bienestar natural'
'blanco & etcheverry', 'blanco y etcheverry abogados'
'borcam equipamientos srl', 'borcam seguridad srl'
'boyerco', 'boyerco sa'
'bqn', 'bqn tecnología a medida'
'bright centrode estética', 'bright consulting services srl', 'bright'
'britt shop uruguay', 'britt shop uruguay sa'
'c. cash studio & academy', 'c.cash studio & academy'
'cap', 'cap uruguay ltda'
'capital humano', 'capital humano rrhh'
'casa tr3s', 'casa tr3s contact center', 'casa tres contact center'
'cash', 'cash sa'
'casino importaciones', 'casino importaciones s.a. aparicio saravia'
'certu s', 'certus'
'cesa management solutions', 'cesamanagement solutions'
'chivipizza', 'chivipizza punta carretas'
'cielo azul', 'cielo azul cementos'
'cismosoftware', 'cismo software'
'clanis s.a', 'clanis sa'
'cnglobal arcadia s.l', 'cnglobal arcadia s.l.'
'cnt uruguay', 'cnturuguay'
'coca cola fem sa', 'coca-cola femsa de uruguay'
'codigo del sur', 'codigodelsur'
'colegio bilingüe', 'colegio bilingüe hca'
'colegio católico de montevideo colegio católico de montevideo colegio católico de montevideo', 'colegio católico en nuevo parís'
'conami', 'conamil sa'
'coneaban', 'coneban sa'
'consultora human phi', 'consultora humanphi', 'humanphi', 'human phi'
'consultora muñoz', 'consultora muñoz y asociados'
'consultores auren', 'auren'
'convixion', 'convixion selecciona para comag'
'corporación de maquinaria sa', 'corporación de maquinaria sa - new holland'
'cpa empleo', 'cpa ferrere', 'cpaferrere', 'ferrere'
'crame iampp', 'crami iampp'
'creando', 'creando bienestar', 'creando futuro'
'curbelo & cianci consultores', 'curbelo & cianci'
'dca contadores y asociados', 'dcacontadoresy asociados'
'del sol', 'del sol contenidos'
'despegar.com', 'despegar'
'depilife', 'depilaif'
'dimm futuro xxi', 'dimm futuroxxi'
'dogrin company', 'dogrin company sa'
'duty free americas', 'dutyfreeamericas'
'e lace', 'e lace media services', 'e quest llc'
'easymail', 'easymail sa'
'ecocredit', 'ecocredits.r.l'
'ecologicink', 'ecologicink'
'el viajero brava beach hostels & suites maldonado', 'el viajero brava beach hostels & suites'
'emprendedores sa', 'emprendedores uy'
'enjoy punta del este', 'enjoyviajes'
'entrust', 'entrust - servicios profesionales en recursos humanos'
'equifax clearing de informes', 'equifax'
'espina s. a', 'espina sa'
'essen ltda', 'essen soluciones en movimientos'
'expres', 'express'
'forum', 'forum design'
'frigorifico matadero pando', 'frigorificopando'
'full human', 'full human consultores', 'full human consultores realiza la búsqueda para importante empresa rentadora de autos'
'fundación julio ricaldoni', 'fundacion julio ricaldoni'
'gaya importaciones', 'gayaimportaciones'
'gbcompany', 'gbscentroamerica', 'gcb company'
'geocom uruguay', 'geocom uruguay sa'
'ghconsultores', 'ghuruguay'
'glocal chemical uruguay', 'glocal chemical'
'glu', 'glu corp'
'go nova asesoria y outsourcing en rrhh', 'go nova asesoria y outsourcing'
'goddard catering group uruguay', 'goddard catering group'
'grupo morgan srl', 'grupo morgan'
'gtsuruguaycontadores públicos', 'gts uruguay'
'guf consultancy services', 'guf cs/guf srl'
'h. petersen s.a - caterpillar', 'h.petersen cat'
'hardworking consultores', 'hardworking'
'heladeria grido', 'helados grido'
'herbalife nutrition', 'herbalife nutrición', 'herbalife'
'hertz rent a car', 'hertz renta car'
'hlcimpresorasy toner', 'hlc'
'hometal', 'hometal sa'
'iat', 'iat efg'
'ids ltda', 'idsltda'
'industrias pugliese sa', 'industrias pugliese'
'ingenieriacontra incendios', 'ingenieria contra incendios'
'instalar s.r.l', 'instalart', 'instalart srl'
'j y s cadeteria- delivery', 'j y s cadeteria', 'j & s'
'jcdecaux ooh uruguay sa', 'jcdecaux oohuruguay sa'
'joaquin fernandez giambrunoy mateo fernandez giambruno', 'joaquín fernández giambruno y mateo fernández giambruno'
'kavehome', 'kave home'
'ketlark high urban security', 'ketlarkhigh urban security'
'lavadero industrial gral pallejas 2456', 'lavadero industrial'
'leopoldo gross y asociados sa', 'leopoldo grossy asociados sa'
'level bienes raices', 'levelbienes raíces'
'limpex - perfumol', 'limpex'
'lithium software', 'lithium'
'lookyarte', 'look y arte'
'manpowergroup', 'manpower group', 'manpower uruguay'
'market', 'market point'
'mazars-mma', 'mazars'
'mb', 'mb uruguay'
'mekatronic - volvo', 'mekatronic'
'mercado del este', 'mercadodeleste'
'mini mercado', 'minimercado'
'mirtrans cargo postal', 'mirtrans uruguay sa'
'mjobo', 'mjob o'
'montesdel plata', 'montes del plata'
'montevideo beer company', 'montevideo beer company ltda'
'mosca', 'mosca hnos'
'movigroup', 'movie'
'mtaingenieria', 'mta'
'multiline contact center', 'multiline'
'multiworks servicios', 'multiworks'
'myg asociados', 'myg'
'naturalmp', 'natural mp'
'ncc latam', 'ncclatam'
'obrasyserviciosdeluruguay', 'obrasyservicios'
'onixhr', 'onix-hr consulting'
'opciónconsultores', 'opción consultores'
'ormen sa', 'ormen'
'own montevideo', 'own hotel montevideo'
'panda', "panda's"
'panificadora bimbodel uruguay', 'bimbo'
'para grupo ta-ta', 'tata', 'ta-ta'
'parisien', 'parisien sa'
'passcard', 'pass card'
'pedidos ya.com', 'pedidos ya', 'pedidosya'
'petit amies casa de masajes íntimos', 'petit amies'
'pez globo carrasco', 'pez globo'
'pingakol sa', 'pingakol'
'pnud . uru18/003', 'pnud'
'poder judicial - poder judicial', 'poder judicial'
'polybag ltda', 'polybag'
'posadas & vecino consultores internacionales', 'posadas, posadas & vecino', 'posadasyvecinoconsultoresinternacionales sa'
'possum', 'possum consulting', 'possum gestion de capital humano'
'price waterhouse coopers', 'pricewaterhouse coopers', 'pwc uruguay', 'pwc'
'pro hygiene', 'prohygiene'
'prosegur uruguay sa', 'prosegur uruguay', 'prosegur'
'randstad uruguay', 'randstad'
'rci latinoamerica sa', 'rcilatinoamérica'
're/max costa', 're/max unico', 're/maxúnico'
'repartos ya', 'repartosya sa'
'rh consultores', 'rh maldonado'
'rodriguez de almeida & asoc', 'rodriguez de almeida & asociados'
'rsm', 'rsmuruguay'
'ruaasistencia', 'rua asistencia'
'ruiz | masse capital humano', 'ruizmassedesarrollo organizacional'
's & d', 's & u consultores', 's u consultores'
'sabre corporation', 'sabre'
'safegroup sa', 'safegroup'
'san francisco c.i sa', 'san francisco'
'sanatorio americano llama a interesados', 'sanatorio americano'
'sap sa', 'sapp sa'
'securitas uruguay', 'securitas'
'segurpas s.r.l', 'segurpas srl'
'shoppingtumejoropcion', 'shopping tu mejor opcion'
'sige', 'sigelor sa'
'sir', 'sira ltda sa'
'sofitel montevideo casino carrasco & spa', 'sofitel'
'soler hr consulting', 'solerhrconsulting'
'sonda uruguay', 'sondauruguay'
'spymovil srl', 'spymovil'
'stadium calzados', 'stadium'
'starbucks coffee', 'starbucks'
'stavros moyal y asoc. s.r.l', 'stavros moyal y asociados s.r.l', 'stavros moyaly asociados'
'stellabarboza', 'stella barboza'
'talento capital humano®', 'talento consultores', 'talento consultores'
'taym sa', 'taym'
'teamsales', 'teamsale'
'tgu terminales graneleras uruguayas sa', 'tgu'
'tienda ingle sa', 'tienda inglesa'
'totvs uy', 'totvs'
'tu escencia', 'tu esencia'
'uhygubba & asociados', 'uhy gubba & asociados'
'upm', 'upm forestal oriental'
'urudata software', 'urudata'
'utec - consejo directivo central', 'utec'
'vector seguridad', 'vector'
'veo juguetes', 'veojuguetes', 'veoveojugutes'
'veri fone', 'verifone'
'vida', 'vida saludable', 'vida saludable con l´ara'
'vita', 'vita body and mind'
'vselex|seleccióny consultoría organizacional', 'vselex'
'woow', 'wo ow'
'work office sa', 'work office'
'zaros', "zaro's"
